{
  "logistic_regression": {
    "food_shop": {
      "precision": 1.0,
      "recall": 1.0,
      "f1-score": 1.0,
      "support": 5.0
    },
    "family_school": {
      "precision": 1.0,
      "recall": 0.8,
      "f1-score": 0.8888888888888888,
      "support": 5.0
    },
    "health_places": {
      "precision": 1.0,
      "recall": 1.0,
      "f1-score": 1.0,
      "support": 5.0
    },
    "transport": {
      "precision": 0.75,
      "recall": 0.6,
      "f1-score": 0.6666666666666666,
      "support": 5.0
    },
    "home_places": {
      "precision": 1.0,
      "recall": 0.8,
      "f1-score": 0.8888888888888888,
      "support": 5.0
    },
    "social_intro": {
      "precision": 0.625,
      "recall": 1.0,
      "f1-score": 0.7692307692307693,
      "support": 5.0
    },
    "accuracy": 0.8666666666666667,
    "macro avg": {
      "precision": 0.8958333333333334,
      "recall": 0.8666666666666667,
      "f1-score": 0.868945868945869,
      "support": 30.0
    },
    "weighted avg": {
      "precision": 0.8958333333333334,
      "recall": 0.8666666666666667,
      "f1-score": 0.8689458689458689,
      "support": 30.0
    }
  },
  "linear_svm": {
    "food_shop": {
      "precision": 1.0,
      "recall": 1.0,
      "f1-score": 1.0,
      "support": 5.0
    },
    "family_school": {
      "precision": 1.0,
      "recall": 0.8,
      "f1-score": 0.8888888888888888,
      "support": 5.0
    },
    "health_places": {
      "precision": 1.0,
      "recall": 0.8,
      "f1-score": 0.8888888888888888,
      "support": 5.0
    },
    "transport": {
      "precision": 0.6666666666666666,
      "recall": 0.8,
      "f1-score": 0.7272727272727273,
      "support": 5.0
    },
    "home_places": {
      "precision": 1.0,
      "recall": 0.8,
      "f1-score": 0.8888888888888888,
      "support": 5.0
    },
    "social_intro": {
      "precision": 0.7142857142857143,
      "recall": 1.0,
      "f1-score": 0.8333333333333334,
      "support": 5.0
    },
    "accuracy": 0.8666666666666667,
    "macro avg": {
      "precision": 0.8968253968253967,
      "recall": 0.8666666666666667,
      "f1-score": 0.8712121212121212,
      "support": 30.0
    },
    "weighted avg": {
      "precision": 0.8968253968253969,
      "recall": 0.8666666666666667,
      "f1-score": 0.8712121212121212,
      "support": 30.0
    }
  },
  "random_forest": {
    "food_shop": {
      "precision": 0.8333333333333334,
      "recall": 1.0,
      "f1-score": 0.9090909090909091,
      "support": 5.0
    },
    "family_school": {
      "precision": 1.0,
      "recall": 0.8,
      "f1-score": 0.8888888888888888,
      "support": 5.0
    },
    "health_places": {
      "precision": 1.0,
      "recall": 0.8,
      "f1-score": 0.8888888888888888,
      "support": 5.0
    },
    "transport": {
      "precision": 0.8,
      "recall": 0.8,
      "f1-score": 0.8,
      "support": 5.0
    },
    "home_places": {
      "precision": 1.0,
      "recall": 0.8,
      "f1-score": 0.8888888888888888,
      "support": 5.0
    },
    "social_intro": {
      "precision": 0.7142857142857143,
      "recall": 1.0,
      "f1-score": 0.8333333333333334,
      "support": 5.0
    },
    "accuracy": 0.8666666666666667,
    "macro avg": {
      "precision": 0.8912698412698413,
      "recall": 0.8666666666666667,
      "f1-score": 0.868181818181818,
      "support": 30.0
    },
    "weighted avg": {
      "precision": 0.8912698412698413,
      "recall": 0.8666666666666667,
      "f1-score": 0.868181818181818,
      "support": 30.0
    }
  },
  "knn": {
    "food_shop": {
      "precision": 1.0,
      "recall": 1.0,
      "f1-score": 1.0,
      "support": 5.0
    },
    "family_school": {
      "precision": 1.0,
      "recall": 0.8,
      "f1-score": 0.8888888888888888,
      "support": 5.0
    },
    "health_places": {
      "precision": 1.0,
      "recall": 1.0,
      "f1-score": 1.0,
      "support": 5.0
    },
    "transport": {
      "precision": 0.75,
      "recall": 0.6,
      "f1-score": 0.6666666666666666,
      "support": 5.0
    },
    "home_places": {
      "precision": 0.8,
      "recall": 0.8,
      "f1-score": 0.8,
      "support": 5.0
    },
    "social_intro": {
      "precision": 0.7142857142857143,
      "recall": 1.0,
      "f1-score": 0.8333333333333334,
      "support": 5.0
    },
    "accuracy": 0.8666666666666667,
    "macro avg": {
      "precision": 0.8773809523809524,
      "recall": 0.8666666666666667,
      "f1-score": 0.8648148148148147,
      "support": 30.0
    },
    "weighted avg": {
      "precision": 0.8773809523809525,
      "recall": 0.8666666666666667,
      "f1-score": 0.8648148148148149,
      "support": 30.0
    }
  }
}